eval_axis,qLogNEHVI,qLogNParEGO,MESMO,NSGA2,MOEAD,SMSEMOA,EGBO,RandomSearch
55,1.209915497546464,1.208675806349525,1.012371839313743,0.8992380833333172,0.9118762399999817,0.8992380833333172,1.2042773582475377,0.8900427913292676
60,1.209915497546467,1.2089926914898639,1.0347587598162107,0.8992380833333172,0.9118762399999824,0.8992380833333184,1.204446085850539,0.8900427913292694
65,1.2099377282615311,1.2090160860040717,1.0715110360918434,0.8992380833333176,0.9127548099999849,0.8992380833333192,1.204446085850549,0.8982215553051036
70,1.2099377282615338,1.2091787788813602,1.0734322745091476,0.9194366866666495,0.9127978933333188,0.8992380833333192,1.2044696583005703,0.8982215553051036
75,1.2099468729503065,1.2091787788813615,1.0736860988801686,0.9214638674408228,0.9155902066666527,0.903261347193439,1.2044696583005738,0.898221555305104
80,1.2099468729503153,1.2091806264134048,1.0736860988801686,0.9214638674408228,0.9165968899999856,0.9032613471934402,1.2044696583005745,0.8982215553051054
85,1.2099468729503153,1.209181114276083,1.073686098880169,0.9214638674408229,0.938303410405779,0.9032613471934403,1.2044696583005745,0.8994236842358202
90,1.2099468729503158,1.2091811142760898,1.0904511485381858,0.9214638674408229,0.9451558970724475,0.9032613471934403,1.2044697256305998,0.8994236842358202
95,1.2099468729503224,1.2091811142760898,1.0904511485381863,0.928623813333314,0.9644349306530318,0.9032613471934403,1.204491527498427,0.8994236842358204
100,1.2099468729503224,1.2091811142760898,1.0904511485381863,0.9286238133333141,0.9688082620636981,0.9032613471934404,1.2044915274984291,0.8994236842358204
105,1.2099468729503224,1.20919117216318,1.0904511485381863,0.9286238133333141,0.9693794703378357,0.9042417984618818,1.2055544140426948,0.8994236842358238
110,1.2099468729503224,1.2091959897414803,1.0904511485381863,0.9286238133333149,0.9695124969231266,0.9155555199999906,1.2055544140426948,0.8994236842358238
115,1.2099468729503224,1.2091975584053705,1.0904511485381863,0.9286238133333149,0.970547380748315,0.9155555199999906,1.2055544140426964,0.8994236842358241
120,1.2099468729503224,1.2091975584053705,1.0904511485381865,0.9286238133333149,0.970660325137802,0.9155555199999911,1.2055544140426964,0.8994236842358241
125,1.2099468729503224,1.2099861974411918,1.0904511485381865,0.9325025950516223,0.9720508064641263,0.9155555199999913,1.2099880423844949,0.8994236842358241
130,1.2099468729503224,1.2099861974411967,1.0904511485381865,0.9331904135810843,0.9725451026891606,0.9155555199999913,1.209988042384502,0.8994236842358241
135,1.2099468729503242,1.2099936642396885,1.0904511485381865,0.933190413581085,0.9747542360280413,0.9155555199999913,1.2099880423845042,0.8994236842358241
140,1.2099468729503242,1.2099936642396922,1.0904511485381865,0.9331904135810855,0.976164619877926,0.9155555199999913,1.2099896335944582,0.8994236842358241
145,1.209957308225289,1.209993664239706,1.0904511485381865,0.9331904135810863,0.9815972756132965,0.9155555199999913,1.2099896335944582,0.903091852788647
150,1.209957308225289,1.209993664239706,1.0904527399306094,0.9331904135810863,0.9820046460329729,0.9155555199999915,1.2099896335944582,0.921822059153981
155,1.209957308225289,1.209993664239706,1.0904527399306094,0.9331904135810863,0.9846381599999914,0.9155555199999922,1.2099896335944589,0.9218225553023376
160,1.209957308225289,1.209993664239706,1.0904527399306094,0.933190413581087,0.9890961450079322,0.9282126400801355,1.2099896335944589,0.9345167668197428
165,1.209957308225289,1.209993664239706,1.103096822942231,0.9612944543554338,0.9914721458112149,0.9282864558480654,1.2099897378984477,0.9345167668197428
170,1.2099587906590739,1.209993664239706,1.1030968229422415,0.9612944543554338,0.9953474972069607,0.9283407041801167,1.2099897378984477,0.9345167668197433
175,1.2099587906590739,1.209993664239706,1.1030968229422415,0.9612944543554341,1.0008796433184888,0.9311675208467846,1.2099897378984479,0.9590176896704862
180,1.2099587906590739,1.209993664239706,1.1030968229422415,0.9613899302097205,1.0018040081391135,0.9311675208467847,1.2099897500424344,0.9590176896704862
185,1.2099587906590739,1.209993664239706,1.1030968229422415,0.9613899302097205,1.0100704288599454,0.9330645808467843,1.2099897500424344,0.9590176896704862
190,1.2099587906590739,1.209993664239706,1.1030968229422415,0.9613904789776417,1.0136329073874883,0.9330645808467843,1.2099897500424344,0.9590176896704862
195,1.2099587906590739,1.2099936642397062,1.1030968229422415,0.9613904789776435,1.0187467294239947,0.9330645808467843,1.2099897500424344,0.9590176896704862
200,1.2099587906590739,1.2099936642397062,1.1030968229422415,0.9619674684914128,1.021643990719504,0.9332498164912192,1.2099897500424344,0.9590176896704862
205,1.2099587906590739,1.209993902618508,1.1030968229422415,0.9793578181764944,1.0245389741155881,0.9333470312577791,1.2099897500424344,0.9590176896704868
210,1.2099587906590739,1.2099939026185267,1.1030968229422429,0.9793578181764944,1.0253526572766531,0.9333470312577791,1.2099897500424348,0.9590176896704868
215,1.2099587906590739,1.2099939026185267,1.1030968229422438,0.9793578181764944,1.030558143973198,0.9333470312577791,1.2099897974107598,0.9590176896704868
220,1.2099587906590739,1.2099939026185271,1.1030968229422438,0.9796952366666293,1.0307100595579164,0.9374816745911109,1.2099897974107598,0.9590176896704868
225,1.2099587906590739,1.2099941821718982,1.1030968229422438,0.9796952366666293,1.0328974333333023,0.9523137689919091,1.209999476299916,0.9590176896704868
230,1.2099587906590739,1.209994182171904,1.1030968229422438,0.9950037899999602,1.0346919910141956,0.9523137689919091,1.209999476299916,0.9590176896704868
235,1.2099587906590739,1.209994182171904,1.1030968229422438,0.9950037899999602,1.0388800397880253,0.9553001016524799,1.209999476299916,0.9671724663371544
240,1.2099587906590739,1.209994182171904,1.1030968229422444,0.9950037899999602,1.0389349481834163,0.9565386221575188,1.209999476299916,0.9671724663371544
245,1.2099587906590739,1.2099941821719042,1.1030968229422444,0.9950037899999605,1.0420567115167503,0.9565386221575188,1.209999476299916,0.9671724663371567
250,1.2099587906590739,1.2099941821719042,1.1030968229422444,0.9950037899999605,1.0461115549739486,0.9565386221575195,1.209999476299916,0.9671724663371567
255,1.2099587906590739,1.209995516124427,1.1030968229422444,0.9950037899999767,1.0467936408467862,0.9565480547976888,1.209999476299916,0.9671724663371569
260,1.2099587906590739,1.209995516124427,1.1030968229422449,0.9971532258920094,1.0492284288833638,0.9618561072542091,1.209999476299916,0.9671724663371569
265,1.2099587906590739,1.209995516124427,1.1046375423467307,0.9971532258920105,1.0493192888833687,0.9618763806862766,1.209999476299916,0.967172466337158
270,1.2099587906590739,1.209995516124427,1.1046375423467307,0.9971532258920105,1.054248506666652,0.975902215013093,1.209999476299916,0.9671724663371584
275,1.2099587906590739,1.209995516124427,1.1046375423467307,1.0197052799999782,1.0588231740688807,0.9807430142465106,1.209999476299916,0.9671724663371585
280,1.2099587906590739,1.2099971278644641,1.1046375423467307,1.0204380633333139,1.058873775502076,0.9807430142465106,1.209999476299916,0.9671724663371585
285,1.2099587906590772,1.2099971278644641,1.1046375423467307,1.0204380633333139,1.0611644155020759,0.9925457096843564,1.209999476299916,0.9671724663371585
290,1.2099587906590772,1.2099971278644641,1.1046375423467307,1.0204380633333139,1.0656145141312627,0.9926883796843574,1.209999476299916,0.9671724663371585
295,1.2099587906590772,1.2099971278644641,1.1046375423467307,1.0204380633333139,1.066538367464595,0.9926883796843574,1.209999476299916,0.9671724663371585
300,1.2099589018117494,1.2099971278644641,1.104637542346731,1.0204380633333148,1.0704970745883378,0.9926883796843574,1.209999476299916,0.9671724663371585
305,1.2099589018117498,1.209997127864468,1.104637542346731,1.0353395825361016,1.0710083633333152,0.9926883796843585,1.2099994762999164,0.9671724663371585
310,1.2099589018117505,1.209997127864468,1.1046375423467314,1.0353395825361023,1.0740972252406922,1.0022309901961501,1.2099994762999373,0.9671724663371585
315,1.2099589018117505,1.209997127864468,1.1046375423467314,1.0369908735434672,1.0774601452406802,1.0038644682441429,1.2099994762999373,0.9671724663371585
320,1.2099589018117505,1.2099971278644681,1.1067437856800637,1.0372274210769676,1.0835537533333062,1.0038644682441429,1.2099994762999373,0.9671724663371585
325,1.2099589018117505,1.2099971278644681,1.1067437856800637,1.0372274210769676,1.0837266956175666,1.0038644682441429,1.2099994762999373,0.9671724663371585
330,1.2099589018117505,1.2099971278644681,1.1067437856800637,1.0372274210769683,1.0880221499904803,1.0038644682441429,1.2099994762999373,0.9671724663371585
335,1.2099589018117511,1.2099971278644686,1.1067437856800648,1.0372274210769683,1.0899034395448428,1.0038644682441429,1.2099994762999378,0.9671724663371588
340,1.2099589018117511,1.2099971278644686,1.1067437856800648,1.0372274210769683,1.0913044326492718,1.0038644682441429,1.2099994762999378,0.9671724663371588
345,1.2099589018117511,1.2099971278644686,1.1067437856800648,1.0372274210769683,1.0941418446240854,1.0038644682441429,1.2099994762999378,0.9671724663371593
350,1.209958901811752,1.2099971278644686,1.1067437856800648,1.0372278678790314,1.0944959060267567,1.0038644682441429,1.209999476299938,0.9671724663371593
355,1.209958901811752,1.2099971278644686,1.1067437856800648,1.0403215673044366,1.0951386020295388,1.0189559924476466,1.209999476299938,0.9671724663371593
360,1.209958901811752,1.2099971278644686,1.1067437856800648,1.045134167966192,1.0955399862893613,1.018978812637983,1.2099997769046988,0.9671724663371593
365,1.209960062776438,1.2099971278644686,1.106743785680065,1.0451462004542351,1.1021637486360376,1.018978812637983,1.2099997769047002,0.9671724663371598
370,1.209960062776438,1.2099971278644686,1.1067437856800653,1.0521141496773276,1.1028125514353204,1.0189788126379835,1.2099997769047002,0.9671724663371598
375,1.209960062776438,1.2099971283497561,1.1067437856800655,1.0521141496773285,1.1028125514353204,1.0189788126379835,1.2099997769047002,0.9671724663371598
380,1.2099600627764382,1.2099971283497561,1.1067437856800655,1.0521141496773285,1.1034912653027067,1.0240283626379816,1.2099997769047002,0.9671724663371598
385,1.2099600627764382,1.2099971283497561,1.1067437856800655,1.0619089575182634,1.1050014160812716,1.0240459579973713,1.2099997769047002,0.9671724663371598
390,1.2099600627764382,1.2099971283497561,1.1067437856800655,1.0619089575182636,1.1050014160812716,1.0240459579973713,1.2099997769047002,0.9671724663371598
395,1.2099600627764382,1.2099971283497561,1.1067437856800655,1.0619089575182636,1.1067150132150185,1.0240459579973713,1.2099997769047006,0.9671724663371598
400,1.2099600627764382,1.2099971283497561,1.1067437856800655,1.0619089575182636,1.1067992957406332,1.0240459579973713,1.2099997769047006,0.9671724663371598
405,1.2099600627764382,1.2099971283497561,1.1067437856800655,1.0620224331413661,1.1105811006655089,1.024045957997372,1.209999776904701,0.9671724663371598
410,1.2099600627764382,1.2099971283497561,1.1067437856800668,1.0620224331413661,1.1105961316139994,1.024045957997372,1.209999776904701,0.9671724663371598
415,1.2099600627764382,1.2099971283497561,1.1103248915205934,1.0620224331413661,1.1133532504123245,1.024045957997372,1.2099997769047013,0.9671724663371598
420,1.2099600627764382,1.2099971283497561,1.1103248915205934,1.0620224331413661,1.1157698446858604,1.024045957997372,1.2099997769047013,0.96717246633716
425,1.2099600627764382,1.2099971283497561,1.1103248915205934,1.0621242731298415,1.1157698535087779,1.0240958322480003,1.2099997777710263,0.96717246633716
430,1.2099600627764382,1.2099971283497561,1.1103248915205934,1.062124273129842,1.1201297803350003,1.0240958322480005,1.2099997777710263,0.96717246633716
435,1.2099600627764382,1.2099971283497561,1.1122456168927612,1.062124273129842,1.120129801053597,1.0248607611639375,1.2099997777710263,0.96717246633716
440,1.2099600627764382,1.2099971283497564,1.1122456168927612,1.0621242731298437,1.1213850422796763,1.024860761163938,1.2099997862290903,0.96717246633716
445,1.2099600627764382,1.2099971283497564,1.1122456168927612,1.062416007906566,1.1216227016820424,1.0303786741851244,1.2099997862290903,0.96717246633716
450,1.2099600627764382,1.2099971283497564,1.1122456168927628,1.062416007906566,1.121622701682045,1.0313802719358545,1.2099997863245684,0.96717246633716
455,1.2099600627764382,1.2099971283497564,1.1122456168927628,1.0668470527906022,1.123870680307346,1.0313802719358545,1.20999979131045,0.96717246633716
460,1.2099600627764382,1.2099971283497564,1.1122456168927628,1.0668539151553942,1.1242876585909631,1.0366998719358556,1.2099997930886504,0.96717246633716
465,1.2099600627764382,1.2099971283497564,1.1122456168927628,1.0670080454813873,1.1247131098557812,1.0366998719358556,1.2099997930886504,0.96717246633716
470,1.2099600627764382,1.2099971283497564,1.1122456168927628,1.0670114254326348,1.1251169042183646,1.0366998719358558,1.2099997930886504,0.9671724663371601
475,1.2099600627764382,1.2099971283497564,1.1122456168927628,1.0670114254326348,1.125116904218365,1.0379430743813254,1.2099997930886504,0.9671724663371601
480,1.2099600627764386,1.2099971283497564,1.112245616892763,1.067011425432635,1.125451590654839,1.0379430743813263,1.2099997930886504,0.9671724663371601
485,1.2099600627764389,1.2099971283497564,1.112245616892763,1.0670123301596848,1.125451590654839,1.0379430743813263,1.2099997930886504,0.9671724663371601
490,1.2099600627764389,1.2099971283497564,1.112245616892763,1.0670123301596848,1.1283053117753667,1.0396541809086217,1.2099997930886504,0.9671724663371601
495,1.2099600627764389,1.2099971283497564,1.112245616892763,1.0670123301596848,1.128305608590029,1.0525717224454612,1.2099997930886504,0.9671724663371601
500,1.2099600627764389,1.2099971283497564,1.11531047568002,1.0791190653023464,1.1283056237206366,1.0525717224454612,1.2099997930886504,0.9671724663371601
