eval_axis,EGBO,qLogNParEGO,NSGA2,SMSEMOA
55,8.590766766651845,4.49954269999095,0.019749117332394282,0.019591818666667732
60,12.42113699996844,10.387915700004669,0.019749117332394282,0.019591818666667732
65,14.485024900020411,11.079129000000345,0.019749117332394282,0.019591818666667732
70,10.404282066621818,12.825315300016277,0.019749117332394282,0.019591818666667732
75,16.139621999968465,12.503213233333858,0.019749117332394282,0.019591818666667732
80,19.08795200001138,13.818455933360383,0.019749117332394282,0.019591818666667732
85,13.701094466610812,12.694789166668974,0.019749117332394282,0.019591818666667732
90,18.664608733262867,13.918572433341373,0.019749117332394282,0.019591818666667732
95,21.452526799985208,12.321557999986302,0.019749117332394282,0.019591818666667732
100,15.730831666655527,12.881133466667961,0.019749117332394282,0.019591818666667732
105,23.069559933346074,13.47418736667411,0.020447157334322934,0.018767930667575806
110,18.140273733374972,13.464925100008259,0.020447157334322934,0.018767930667575806
115,15.917903799990503,11.7515236333226,0.020447157334322934,0.018767930667575806
120,19.55688140001924,14.860380966672286,0.020447157334322934,0.018767930667575806
125,16.690388899995014,13.964579333328098,0.020447157334322934,0.018767930667575806
130,24.770290633353095,13.607191166675571,0.020447157334322934,0.018767930667575806
135,16.375584700028412,15.742057466656357,0.020447157334322934,0.018767930667575806
140,17.970943199975107,15.51683563333548,0.020447157334322934,0.018767930667575806
145,18.855825766649406,14.444101400004001,0.020447157334322934,0.018767930667575806
150,20.916842300017986,13.394005866643662,0.020447157334322934,0.018767930667575806
155,23.490829800022766,15.621309500032416,0.019712439333379784,0.019679332667728932
160,25.06854339999457,15.436096733358378,0.019712439333379784,0.019679332667728932
165,22.6021443666347,12.850996233338568,0.019712439333379784,0.019679332667728932
170,19.102392666662734,15.696508233319037,0.019712439333379784,0.019679332667728932
175,25.374004499986768,14.542226299992763,0.019712439333379784,0.019679332667728932
180,24.02682609995827,16.96417689998634,0.019712439333379784,0.019679332667728932
185,22.83220903334829,18.11469646668411,0.019712439333379784,0.019679332667728932
190,23.776304800024565,17.012858400004916,0.019712439333379784,0.019679332667728932
195,18.64081226665682,20.182042933340806,0.019712439333379784,0.019679332667728932
200,23.531346833333373,17.747866433346644,0.019712439333379784,0.019679332667728932
205,25.279557166698698,18.448112500006875,0.019045536000339824,0.017750901333056433
210,17.030547666673858,19.12589630000487,0.019045536000339824,0.017750901333056433
215,24.371543600029934,19.29597726667028,0.019045536000339824,0.017750901333056433
220,23.132894599965464,19.83241426665336,0.019045536000339824,0.017750901333056433
225,25.762286566663533,19.842779366668157,0.019045536000339824,0.017750901333056433
230,24.3330904666412,21.40758049998355,0.019045536000339824,0.017750901333056433
235,22.108875633295003,20.590524966683006,0.019045536000339824,0.017750901333056433
240,19.215176566697966,21.002796333341394,0.019045536000339824,0.017750901333056433
245,20.953271900032025,24.868860600011732,0.019045536000339824,0.017750901333056433
250,25.400929133291356,27.330924099990323,0.019045536000339824,0.017750901333056433
255,15.02050656666203,26.13474893332265,0.019879835333170722,0.01925523866685887
260,23.68200520003059,27.930201466660947,0.019879835333170722,0.01925523866685887
265,25.48565609997604,24.78867110000768,0.019879835333170722,0.01925523866685887
270,19.241579033356782,28.78777710002032,0.019879835333170722,0.01925523866685887
275,24.1493404667126,26.863625533345232,0.019879835333170722,0.01925523866685887
280,25.629522933314245,27.852396000002045,0.019879835333170722,0.01925523866685887
285,31.35424356670895,27.55707023332555,0.019879835333170722,0.01925523866685887
290,18.83900136667459,27.443219400011003,0.019879835333170722,0.01925523866685887
295,24.454936966688063,29.624312833339598,0.019879835333170722,0.01925523866685887
300,24.18673270001697,28.81001179999051,0.019879835333170722,0.01925523866685887
305,26.392502600016694,28.649349133338546,0.01944960400161416,0.01947957066838479
310,21.222539233315427,28.78961399999874,0.01944960400161416,0.01947957066838479
315,23.578109966707416,27.785613766638562,0.01944960400161416,0.01947957066838479
320,28.01769370007484,30.229810300001798,0.01944960400161416,0.01947957066838479
325,19.8574669000227,33.6174972000105,0.01944960400161416,0.01947957066838479
330,18.787815466678392,33.13899289999002,0.01944960400161416,0.01947957066838479
335,20.369398999998037,35.31986016666633,0.01944960400161416,0.01947957066838479
340,21.485239133394014,35.55792993334277,0.01944960400161416,0.01947957066838479
345,18.25764156668447,35.342766333351996,0.01944960400161416,0.01947957066838479
350,18.082789766679827,36.581977166662305,0.01944960400161416,0.01947957066838479
355,31.595107233345818,33.74036726668904,0.02119635400022773,0.018653370665075924
360,15.430301000053683,36.90229346666214,0.02119635400022773,0.018653370665075924
365,19.880263833367888,36.55096776666081,0.02119635400022773,0.018653370665075924
370,20.099038999954548,33.01012756665781,0.02119635400022773,0.018653370665075924
375,17.604625100037083,38.23113473334039,0.02119635400022773,0.018653370665075924
380,26.611997733319487,35.87328540000211,0.02119635400022773,0.018653370665075924
385,18.17282300000079,37.02183356666743,0.02119635400022773,0.018653370665075924
390,24.652811500011012,37.153947966677755,0.02119635400022773,0.018653370665075924
395,18.58770933332077,36.102103733312106,0.02119635400022773,0.018653370665075924
400,13.873473833315074,38.82393620001191,0.02119635400022773,0.018653370665075924
405,14.715586000005715,38.99341803334149,0.021519082666103157,0.01920763333522098
410,20.776544833361793,38.18330023331995,0.021519082666103157,0.01920763333522098
415,21.159425499965437,40.68939823334222,0.021519082666103157,0.01920763333522098
420,16.632198666688055,41.86762466665823,0.021519082666103157,0.01920763333522098
425,17.609384299993206,41.11091110001629,0.021519082666103157,0.01920763333522098
430,18.675875099957924,38.721959966652015,0.021519082666103157,0.01920763333522098
435,20.26480720002049,42.92601633333834,0.021519082666103157,0.01920763333522098
440,21.1692595333249,44.53496033332582,0.021519082666103157,0.01920763333522098
445,17.083552466627832,41.75039586667359,0.021519082666103157,0.01920763333522098
450,20.09465013331889,45.485487766651204,0.021519082666103157,0.01920763333522098
455,20.61162906663958,45.49331026666914,0.020461524667819853,0.019369025998748884
460,18.47941643333373,41.09296016668668,0.020461524667819853,0.019369025998748884
465,15.818507933368286,42.63754116667163,0.020461524667819853,0.019369025998748884
470,17.784751700004563,44.11452729999049,0.020461524667819853,0.019369025998748884
475,16.15391543332953,48.24822570001319,0.020461524667819853,0.019369025998748884
480,12.458252433338203,45.60570740000306,0.020461524667819853,0.019369025998748884
485,15.191695566677177,43.033141299994895,0.020461524667819853,0.019369025998748884
490,12.000422900076956,46.144597133320836,0.020461524667819853,0.019369025998748884
495,18.22539893332093,44.82680410000224,0.020461524667819853,0.019369025998748884
500,22.83417866670061,48.000818600005005,0.020461524667819853,0.019369025998748884
505,12.783325766640095,44.69382040000831,0.01960415999977466,0.019877166001242636
510,15.011313833335103,47.40547700000267,0.01960415999977466,0.019877166001242636
515,19.658544999974158,49.07690579999083,0.01960415999977466,0.019877166001242636
520,13.640148399979807,47.302889133328186,0.01960415999977466,0.019877166001242636
525,14.762214933289215,48.31873403332429,0.01960415999977466,0.019877166001242636
530,17.994729599993054,52.39203293333412,0.01960415999977466,0.019877166001242636
535,13.162300833306896,49.080135266674915,0.01960415999977466,0.019877166001242636
540,21.15165383333806,52.00266999999682,0.01960415999977466,0.019877166001242636
545,12.78778116668885,48.79219149999941,0.01960415999977466,0.019877166001242636
550,10.208478199977739,50.02209323333227,0.01960415999977466,0.019877166001242636
555,18.751369733324584,48.70458273334467,0.01992859466719291,0.018531654000592774
560,15.147416766616516,51.55334973335266,0.01992859466719291,0.018531654000592774
565,17.36503293334196,54.70168643333212,0.01992859466719291,0.018531654000592774
570,16.205445800015394,53.506014066680414,0.01992859466719291,0.018531654000592774
575,20.706428099966917,52.52364226665426,0.01992859466719291,0.018531654000592774
580,20.357293699984442,52.48285373331358,0.01992859466719291,0.018531654000592774
585,24.001436533328768,52.04206276666567,0.01992859466719291,0.018531654000592774
590,19.871645833326813,51.6020183666454,0.01992859466719291,0.018531654000592774
595,16.206856666637275,54.20414573332528,0.01992859466719291,0.018531654000592774
600,11.75663346669171,54.95241896667479,0.01992859466719291,0.018531654000592774
605,18.737257733320195,50.352692333321706,0.01945011733371459,0.01835547333272799
610,14.598340999994738,58.02888063332648,0.01945011733371459,0.01835547333272799
615,15.551166100000652,55.092345566663425,0.01945011733371459,0.01835547333272799
620,24.33149070001673,55.94933273333785,0.01945011733371459,0.01835547333272799
625,22.03761673338401,59.198390299997605,0.01945011733371459,0.01835547333272799
630,16.59012160000081,60.89928866666742,0.01945011733371459,0.01835547333272799
635,15.875221133309728,60.5870647666452,0.01945011733371459,0.01835547333272799
640,19.05349806669013,59.529253966660086,0.01945011733371459,0.01835547333272799
645,28.10408500007664,55.77884680001686,0.01945011733371459,0.01835547333272799
650,26.10221306665335,55.963662866667924,0.01945011733371459,0.01835547333272799
655,14.191098566632718,56.571468933320524,0.018933795333335533,0.01842636866669641
660,22.373455033327144,61.455474866670556,0.018933795333335533,0.01842636866669641
665,21.848380966694094,62.93598896668603,0.018933795333335533,0.01842636866669641
670,17.81050253333524,60.29696876667246,0.018933795333335533,0.01842636866669641
675,16.99625733331777,62.41750299999452,0.018933795333335533,0.01842636866669641
680,20.988171233329922,63.89227949998652,0.018933795333335533,0.01842636866669641
685,24.038033133333858,64.92051573334417,0.018933795333335533,0.01842636866669641
690,26.746994100045413,63.46412506667548,0.018933795333335533,0.01842636866669641
695,22.423906466690823,61.38455689999197,0.018933795333335533,0.01842636866669641
700,18.451291033338446,67.01323163334746,0.018933795333335533,0.01842636866669641
705,40.94183989998419,64.07278043332433,0.019824662666651467,0.021086732000694653
710,20.89178033332185,69.82967006666392,0.019824662666651467,0.021086732000694653
715,33.311269066645764,62.552789266648084,0.019824662666651467,0.021086732000694653
720,21.901780800001386,67.45113413333699,0.019824662666651467,0.021086732000694653
725,25.957657933351584,69.76027103331096,0.019824662666651467,0.021086732000694653
730,49.698309233334534,74.58445509998516,0.019824662666651467,0.021086732000694653
735,42.20817366669265,64.76589903332449,0.019824662666651467,0.021086732000694653
740,21.755801566682447,75.07466559999739,0.019824662666651467,0.021086732000694653
745,29.618140799963538,67.69729610000893,0.019824662666651467,0.021086732000694653
750,34.90107150003314,71.23144453334196,0.019824662666651467,0.021086732000694653
755,39.814704166686475,71.10739076666262,0.019467316667820995,0.019408141333260617
760,26.573427966679446,75.56081089999255,0.019467316667820995,0.019408141333260617
765,29.542232666707907,69.01128723334598,0.019467316667820995,0.019408141333260617
770,17.478635533324752,69.86455300002126,0.019467316667820995,0.019408141333260617
775,15.517659999973452,79.94658069999423,0.019467316667820995,0.019408141333260617
780,28.72199023332602,75.39864340000592,0.019467316667820995,0.019408141333260617
785,44.08920239998648,76.36344779998763,0.019467316667820995,0.019408141333260617
790,40.583062600033976,84.07814583332704,0.019467316667820995,0.019408141333260617
795,38.14345009997488,82.96502943332113,0.019467316667820995,0.019408141333260617
800,30.477700899975996,85.93104620000425,0.019467316667820995,0.019408141333260617
805,44.74760233335352,77.67064976667946,0.020345051331872473,0.019673777999317632
810,27.22820523334667,80.40082743334158,0.020345051331872473,0.019673777999317632
815,32.39562673331238,84.4431009333445,0.020345051331872473,0.019673777999317632
820,21.43570116662886,82.36985526668529,0.020345051331872473,0.019673777999317632
825,27.381718700014364,76.44238389999373,0.020345051331872473,0.019673777999317632
830,49.78672553335006,85.75740869998117,0.020345051331872473,0.019673777999317632
835,27.94611440001366,89.32126199999281,0.020345051331872473,0.019673777999317632
840,23.85693916670668,92.74550923333543,0.020345051331872473,0.019673777999317632
845,32.316420566678666,84.30115416666376,0.020345051331872473,0.019673777999317632
850,29.60494176663148,82.2192400333394,0.020345051331872473,0.019673777999317632
855,36.36641793329424,101.8556721000059,0.020163475998366917,0.019487658001987
860,21.118365033335674,88.99757529998897,0.020163475998366917,0.019487658001987
865,32.43797859995781,96.43001733335161,0.020163475998366917,0.019487658001987
870,20.044600033317693,87.08035540000613,0.020163475998366917,0.019487658001987
875,20.278404766654905,86.70375883332842,0.020163475998366917,0.019487658001987
880,49.30725850001909,89.54377229998742,0.020163475998366917,0.019487658001987
885,41.39118393332077,86.96714763331693,0.020163475998366917,0.019487658001987
890,47.568918899982236,101.49240616668249,0.020163475998366917,0.019487658001987
895,23.106151533313096,99.1984371333286,0.020163475998366917,0.019487658001987
900,19.993750599989045,92.86478919997656,0.020163475998366917,0.019487658001987
905,46.941548666645154,102.38975186665387,0.01936946666615166,0.019570250000106214
910,26.881039900006726,90.4907929333179,0.01936946666615166,0.019570250000106214
915,42.52773663327874,87.27147703332594,0.01936946666615166,0.019570250000106214
920,26.570731500008453,91.40194706667292,0.01936946666615166,0.019570250000106214
925,49.660062900007084,91.99693036667304,0.01936946666615166,0.019570250000106214
930,31.240526700004313,94.9918972000014,0.01936946666615166,0.019570250000106214
935,27.24401796667371,96.43027736667621,0.01936946666615166,0.019570250000106214
940,33.4711864333367,92.2648099999933,0.01936946666615166,0.019570250000106214
945,28.077848199987784,98.18742803332862,0.01936946666615166,0.019570250000106214
950,34.65049196667193,104.27148880000459,0.01936946666615166,0.019570250000106214
955,27.386358600032207,113.2175163666737,0.018752799333888154,0.018495424665743537
960,42.732483233363986,108.95357886665927,0.018752799333888154,0.018495424665743537
965,53.909678033359036,105.79542643332388,0.018752799333888154,0.018495424665743537
970,23.35827809999076,111.81208050001685,0.018752799333888154,0.018495424665743537
975,32.982346900040284,108.10142583335983,0.018752799333888154,0.018495424665743537
980,40.18033459999909,111.15602986666879,0.018752799333888154,0.018495424665743537
985,44.23349683332102,108.28677053331437,0.018752799333888154,0.018495424665743537
990,28.526651499948155,106.4321937666585,0.018752799333888154,0.018495424665743537
995,40.07785560004413,114.15420123334236,0.018752799333888154,0.018495424665743537
1000,37.66635436669458,114.00054619999719,0.018752799333888154,0.018495424665743537
1005,24.091896299971268,110.05734766666622,0.019731077999846747,0.018470168668621584
1010,31.37006663333159,104.09943446666391,0.019731077999846747,0.018470168668621584
1015,41.22816616661536,104.85730423333978,0.019731077999846747,0.018470168668621584
1020,29.058278566653218,101.08897179999622,0.019731077999846747,0.018470168668621584
1025,39.66203970000303,96.43311553335904,0.019731077999846747,0.018470168668621584
1030,32.60762256663293,105.49174476668122,0.019731077999846747,0.018470168668621584
1035,45.490473933362715,94.12923710000662,0.019731077999846747,0.018470168668621584
1040,35.50915946667859,110.70408450001075,0.019731077999846747,0.018470168668621584
1045,35.14842629995352,111.17438596667489,0.019731077999846747,0.018470168668621584
1050,29.857554500030044,119.56272386664448,0.019731077999846747,0.018470168668621584
1055,28.082065499969758,112.05445023333111,0.02095459066738845,0.019933421333941357
1060,38.42666083337584,120.39806336666031,0.02095459066738845,0.019933421333941357
1065,27.225846066644106,124.43600269999781,0.02095459066738845,0.019933421333941357
1070,34.43853676668368,124.69967026668019,0.02095459066738845,0.019933421333941357
1075,38.164941600019425,124.75409196668382,0.02095459066738845,0.019933421333941357
1080,33.42196643333106,114.04597046668641,0.02095459066738845,0.019933421333941357
1085,36.94652763335034,114.20628880001216,0.02095459066738845,0.019933421333941357
1090,31.331009433294337,122.22890610001438,0.02095459066738845,0.019933421333941357
1095,41.5592392666343,133.652509900004,0.02095459066738845,0.019933421333941357
1100,40.751989166679174,134.0553667000204,0.02095459066738845,0.019933421333941357
1105,37.24080663333492,131.79688886665585,0.020087237332675964,0.01865880533296154
1110,56.695111933280714,137.47779803334075,0.020087237332675964,0.01865880533296154
1115,43.674658066709526,126.02650016668485,0.020087237332675964,0.01865880533296154
1120,38.68798386662578,132.7524782999826,0.020087237332675964,0.01865880533296154
1125,32.0619566666428,135.13622883334756,0.020087237332675964,0.01865880533296154
1130,39.52686629995393,128.6029047333092,0.020087237332675964,0.01865880533296154
1135,53.36336096663339,120.44694960000925,0.020087237332675964,0.01865880533296154
1140,26.374746833345853,135.3182796666515,0.020087237332675964,0.01865880533296154
1145,35.1613122333462,120.05258983333867,0.020087237332675964,0.01865880533296154
1150,39.9210129333272,128.5106621333301,0.020087237332675964,0.01865880533296154
1155,56.22631806666808,128.0877992666307,0.02030130800044092,0.02018937199958605
1160,36.19630773334453,126.89891353333951,0.02030130800044092,0.02018937199958605
1165,47.30175193333222,119.64650006666973,0.02030130800044092,0.02018937199958605
1170,46.83291203334617,133.9655870333178,0.02030130800044092,0.02018937199958605
1175,45.46814286666146,120.53896939999929,0.02030130800044092,0.02018937199958605
1180,34.86532126669772,131.42139406669108,0.02030130800044092,0.02018937199958605
1185,46.131061799979456,122.05584480001319,0.02030130800044092,0.02018937199958605
1190,44.15894779993687,129.82870173333018,0.02030130800044092,0.02018937199958605
1195,50.98050136666279,125.69295336665043,0.02030130800044092,0.02018937199958605
1200,43.13544460001867,128.13638130000132,0.02030130800044092,0.02018937199958605
1205,34.50948683335446,128.75861656668712,0.021173669998340045,0.019745156667001284
1210,38.434270833308496,145.04787979998704,0.021173669998340045,0.019745156667001284
1215,95.00165576666284,145.7779338666587,0.021173669998340045,0.019745156667001284
1220,44.76051036664285,143.14681886666222,0.021173669998340045,0.019745156667001284
1225,59.551844166669376,149.35339626666004,0.021173669998340045,0.019745156667001284
1230,49.199481099960394,144.62836113331528,0.021173669998340045,0.019745156667001284
1235,65.02346423330407,144.93543083335194,0.021173669998340045,0.019745156667001284
1240,38.79790673335083,155.97273259997988,0.021173669998340045,0.019745156667001284
1245,38.858741900029905,150.0218145000205,0.021173669998340045,0.019745156667001284
1250,59.99549616667597,145.81204513334282,0.021173669998340045,0.019745156667001284
1255,41.58085160000095,139.1388017333229,0.021293569334084217,0.01875033999967859
1260,59.86888183335153,151.25570886665568,0.021293569334084217,0.01875033999967859
1265,52.53524279997995,135.75417820001408,0.021293569334084217,0.01875033999967859
1270,73.00200353333882,145.15032969999206,0.021293569334084217,0.01875033999967859
1275,55.15097790005772,142.86819050001213,0.021293569334084217,0.01875033999967859
1280,41.15233009999307,154.37789999998253,0.021293569334084217,0.01875033999967859
1285,45.98693403333891,146.7531606000072,0.021293569334084217,0.01875033999967859
1290,81.97097773333856,158.19429410000643,0.021293569334084217,0.01875033999967859
1295,62.670709166675806,142.06409703334793,0.021293569334084217,0.01875033999967859
1300,72.6481374000432,153.4016146999978,0.021293569334084217,0.01875033999967859
1305,52.301968366683774,142.67052400001558,0.01955333733310307,0.01856761733244644
1310,58.23461323332352,153.07668863331978,0.01955333733310307,0.01856761733244644
1315,57.141091300019376,151.1825999333329,0.01955333733310307,0.01856761733244644
1320,75.48915780001941,154.7340337666877,0.01955333733310307,0.01856761733244644
1325,82.49457246666618,165.44200499998018,0.01955333733310307,0.01856761733244644
1330,56.4381874333291,162.42942270000154,0.01955333733310307,0.01856761733244644
1335,110.20382073331469,174.11610796667324,0.01955333733310307,0.01856761733244644
1340,53.10850360003921,165.51952286668043,0.01955333733310307,0.01856761733244644
1345,59.379427033360116,149.18888926665144,0.01955333733310307,0.01856761733244644
1350,80.46556363332395,161.37785320001421,0.01955333733310307,0.01856761733244644
1355,55.482486566683896,166.92561496668108,0.020918072666681876,0.017817235334465945
1360,51.00577206665184,171.99197009997442,0.020918072666681876,0.017817235334465945
1365,75.53702300003108,175.1610901999908,0.020918072666681876,0.017817235334465945
1370,79.14279303331084,156.4357964999896,0.020918072666681876,0.017817235334465945
1375,71.20285929995589,163.9562103333301,0.020918072666681876,0.017817235334465945
1380,126.38180600001942,156.98521956663657,0.020918072666681876,0.017817235334465945
1385,78.35219549996934,156.9761886666723,0.020918072666681876,0.017817235334465945
1390,55.764728233295806,170.47517763332385,0.020918072666681876,0.017817235334465945
1395,72.96839763336659,167.33236486666524,0.020918072666681876,0.017817235334465945
1400,119.20042839999466,166.18390360003104,0.020918072666681876,0.017817235334465945
1405,52.51331443331825,161.06386976667758,0.020656148000756165,0.019447229334812965
1410,96.57006526668556,171.33411386667285,0.020656148000756165,0.019447229334812965
1415,79.9399949000217,176.25029033333217,0.020656148000756165,0.019447229334812965
1420,96.53973400002967,165.43482516665244,0.020656148000756165,0.019447229334812965
1425,97.22115426669673,169.6538281000103,0.020656148000756165,0.019447229334812965
1430,94.42403203330468,182.46700553332144,0.020656148000756165,0.019447229334812965
1435,113.65804643335287,186.93563830000735,0.020656148000756165,0.019447229334812965
1440,107.12767169997096,175.80962593333484,0.020656148000756165,0.019447229334812965
1445,112.5637177999597,181.75560999999288,0.020656148000756165,0.019447229334812965
1450,73.28842746664304,185.0349681000031,0.020656148000756165,0.019447229334812965
1455,121.56830393332832,169.7944796999994,0.019948978000223525,0.020216638665491136
1460,107.74822440002269,189.2794689333338,0.019948978000223525,0.020216638665491136
1465,100.37520303336593,183.4096279666604,0.019948978000223525,0.020216638665491136
1470,113.55900523338157,177.58461476666466,0.019948978000223525,0.020216638665491136
1475,101.48982053331565,184.22903636664464,0.019948978000223525,0.020216638665491136
1480,80.66396146663465,173.33178223331925,0.019948978000223525,0.020216638665491136
1485,116.34088630004165,182.97743316668007,0.019948978000223525,0.020216638665491136
1490,128.12655950000044,202.02828099999655,0.019948978000223525,0.020216638665491136
1495,106.16754020001584,196.86954946668507,0.019948978000223525,0.020216638665491136
1500,157.3198186333757,205.33807580002272,0.019948978000223525,0.020216638665491136
