eval_axis,qLogNEHVI,qLogNParEGO,NSGA2,SMSEMOA,EGBO
55,0.0,0.0,0.0,0.0,0.0
60,0.0,0.0,0.0,0.0,0.0
65,0.0,0.0,0.0,0.0,0.0
70,0.0,0.0,0.0,0.0,0.0
75,0.0,0.0,0.0,0.0,0.0
80,0.0,0.0,0.0,0.0,0.0
85,0.0,0.0,0.0,0.0,0.0
90,0.0,0.0,0.0,0.0,0.0
95,0.0,0.0,0.0,0.0,0.0
100,0.0,0.0,0.0,0.0,0.0
105,0.0,0.0,0.0,0.0,0.0
110,0.0,0.0,0.0,0.0,0.0
115,0.0,0.0,0.0,0.0,0.0
120,0.0,0.0,0.0,0.0,0.0
125,0.0,0.0,0.0,0.0,0.0
130,0.0,0.0,0.0,0.0,0.0
135,0.0,0.0,0.0,0.0,0.0
140,0.0,0.0,0.0,0.0,0.0
145,0.0,0.0,0.0,0.0,0.0
150,0.0,0.0,0.0,0.0,0.0
155,0.0,0.0,0.0,0.0,0.0
160,0.0,0.0,0.0,0.0,0.0
165,0.0,0.0,0.0,0.0,0.0
170,0.0,0.0,0.0,0.0,0.0
175,0.0,0.0,0.0,0.0,0.0
180,0.0,0.0,0.0,0.0,0.0
185,0.0,0.0,0.0,0.0,0.0
190,0.0,0.0,0.0,0.0,0.0
195,0.0,0.0,0.0,0.0,0.0
200,0.0,0.0,0.0,0.0,0.0
205,0.0,0.0,0.0,0.0,0.0
210,0.0,0.0,0.0,0.0,0.0
215,0.0,0.0,0.0,0.0,0.0
220,0.0,0.0,0.0,0.0,0.0
225,0.0,0.0,0.0,0.0,0.0
230,0.0,0.0,0.0,0.0,0.0
235,0.0,0.0013065637837837835,0.0,0.0,0.0
240,0.0,0.0013065637837837835,0.0,0.0,0.0
245,0.0,0.0013065637837837835,0.0,0.0,0.0
250,0.0,0.001402521891891896,0.0,0.0,0.0
255,0.0,0.0017826637837837806,0.0,0.0,0.0
260,0.0,0.0017826637837837806,0.0,0.0,0.0
265,0.0,0.0017826637837837806,0.0,0.0,0.0
270,0.0,0.0017826637837837806,0.0,0.0,0.0
275,0.0,0.0017826637837837806,0.0,0.0,0.0
280,0.0,0.0017826637837837806,0.0,0.0,0.0
285,0.0,0.0017826637837837806,0.0,0.0,0.0
290,0.0,0.004946469594594588,0.0,0.0,0.0
295,0.0,0.004946469594594588,0.0,0.0,0.0
300,0.0,0.004946469594594588,0.0,0.0,0.0
305,0.0,0.004946469594594588,0.0,0.0,0.0
310,0.0,0.004946469594594588,0.0,0.0,0.0
315,0.0,0.004975378333333343,0.0,0.0,0.0
320,0.0,0.004975378333333343,0.0,0.0,0.0
325,0.0,0.004975378333333343,0.0,0.0,0.0
330,0.0,0.004975378333333343,0.0,0.0,0.0
335,0.0,0.004975378333333343,0.0,0.0,0.0
340,0.0,0.004975378333333343,0.0,0.0,0.0
345,0.0,0.004975378333333343,0.0,0.0,0.0
350,0.0,0.004975378333333343,0.0,0.0,0.0
355,0.0,0.004975378333333343,0.0,0.0,0.0
360,0.0,0.004975378333333343,0.0,0.0,0.0
365,0.0,0.004975378333333343,0.0,0.0,0.0
370,0.0,0.004975378333333343,0.0,0.0,0.0
375,0.0,0.004975378333333343,0.0,0.0,0.0
380,0.0,0.004992046576576585,0.0,0.0,0.0
385,0.0,0.004992046576576585,0.0,0.0,0.0
390,0.0,0.004992046576576585,0.0,0.0,0.0
395,0.0,0.004992046576576585,0.0,0.0,0.0
400,0.0,0.004992046576576585,0.0,0.0,0.0
405,0.0,0.004992046576576585,0.0,0.0,0.0
410,0.0,0.004992046576576585,0.0,0.0,0.0
415,0.0,0.004992046576576585,0.0,0.0,0.0
420,0.0,0.004992046576576585,0.0,0.0,0.0
425,0.0,0.004992046576576585,0.0,0.0,0.0
430,0.0,0.004992046576576585,0.0,0.0,0.0
435,0.0,0.004992046576576585,0.0,0.0,0.0
440,0.0,0.004992046576576585,0.0,0.0,0.0
445,0.0,0.006030217207207199,0.0,0.0,0.0
450,0.0,0.006030217207207199,0.0,0.0,0.0
455,0.0,0.006030217207207199,0.0,0.0,0.0
460,0.0,0.006030217207207199,0.0,0.0,0.0
465,0.0,0.006030217207207199,0.0,0.0,0.0
470,0.0,0.006030217207207199,0.0,0.0,0.0
475,0.0,0.006030217207207199,0.0,0.0,0.0
480,0.0,0.006030217207207199,0.0,0.0,0.0
485,0.0,0.007268879909909901,0.0,0.0,0.0
490,0.0,0.012723739009009005,0.0,0.0,0.0
495,0.0,0.012900875225225225,0.0,0.0,0.0
500,0.0,0.012900875225225225,0.0,0.0,0.0
505,0.0,0.012900875225225225,0.0,0.0,0.0
510,0.0,0.012900875225225225,0.0,0.0,0.0
515,0.0,0.012900875225225225,0.0,0.0,0.0
520,0.0,0.02305632738738742,0.0,0.0,0.0
525,0.0,0.02305632738738742,0.0,0.0,0.0
530,0.0,0.02305632738738742,0.0,0.0,0.0
535,0.0,0.02305632738738742,0.0,0.0,0.0
540,0.0,0.02305632738738742,0.0,0.0,0.0
545,0.0,0.02305632738738742,0.0,0.0,0.0
550,0.0,0.02305632738738742,0.0,0.0,0.0
555,0.0,0.02305632738738742,0.0,0.0,0.0
560,0.0,0.02305632738738742,0.0,0.0,0.0
565,0.0,0.02305632738738742,0.0,0.0,0.0
570,0.0,0.02305632738738742,0.0,0.0,0.0
575,0.0,0.02305632738738742,0.0,0.0,0.0
580,0.0,0.02305632738738742,0.0,0.0,0.0
585,0.0,0.02305632738738742,0.0,0.0,0.0
590,0.0,0.02305632738738742,0.0,0.0,0.0
595,0.0,0.02305632738738742,0.0,0.0,0.0
600,0.0,0.02305632738738742,0.0,0.0,0.0
605,0.0,0.02305632738738742,0.0,0.0,0.0
610,0.0,0.02305632738738742,0.0,0.0,0.0
615,0.0,0.02305632738738742,0.0,0.0,0.0
620,0.0,0.02305632738738742,0.0,0.0,0.0
625,0.0,0.02305632738738742,0.0,0.0,0.0
630,0.0,0.02305632738738742,0.0,0.0,0.0
635,0.0,0.02305632738738742,0.0,0.0,0.0
640,0.0,0.02305632738738742,0.0,0.0,0.0
645,0.0,0.02305632738738742,0.0,0.0,0.0
650,0.0,0.02305632738738742,0.0,0.0,0.0
655,0.0,0.02305632738738742,0.0,0.0,0.0
660,0.0,0.02305632738738742,0.0,0.0,0.0
665,0.0,0.02305632738738742,0.0,0.0,0.0
670,0.0,0.02305632738738742,0.0,0.0,0.0
675,0.0,0.02305632738738742,0.0,0.0,0.0
680,0.0,0.02305632738738742,0.0,0.0,0.0
685,0.0,0.03807399414414418,0.0,0.0,0.0027451855855855915
690,0.0,0.03807399414414418,0.0,0.0,0.0027451855855855915
695,0.0,0.03807399414414418,0.0,0.0,0.0027451855855855915
700,0.0,0.04581109585585589,0.0,0.0,0.0027451855855855915
705,0.0,0.04581109585585589,0.0,0.0,0.0027451855855855915
710,0.0,0.04581109585585589,0.0,0.0,0.0027451855855855915
715,0.0,0.04581109585585589,0.0,0.0,0.0027451855855855915
720,0.0,0.048113682882882904,0.0,0.0,0.0027451855855855915
725,0.0,0.048113682882882904,0.0,0.0,0.0027451855855855915
730,0.0,0.048113682882882904,0.0,0.0,0.0027451855855855915
735,0.0,0.048113682882882904,0.0,0.0,0.0027451855855855915
740,0.0,0.048113682882882904,0.0,0.0,0.0027451855855855915
745,0.0,0.048113682882882904,0.0,0.0,0.0027451855855855915
750,0.0,0.048113682882882904,0.0,0.0,0.0027451855855855915
755,0.0,0.048113682882882904,0.0,0.0,0.0027451855855855915
760,0.0,0.048113682882882904,0.0,0.0,0.0027451855855855915
765,0.0,0.048113682882882904,0.0,0.0,0.0027451855855855915
770,0.0,0.048113682882882904,0.0,0.0,0.0027451855855855915
775,0.0,0.048113682882882904,0.0,0.0,0.0027451855855855915
780,0.0,0.048113682882882904,0.0,0.0,0.0027451855855855915
785,0.0,0.048113682882882904,0.0,0.0,0.0027451855855855915
790,0.0,0.048113682882882904,0.0,0.0,0.0027451855855855915
795,0.0,0.048113682882882904,0.0,0.0,0.0027451855855855915
800,0.0,0.048113682882882904,0.0,0.0,0.0027451855855855915
805,0.0,0.048113682882882904,0.0,0.0,0.0027451855855855915
810,0.0,0.048113682882882904,0.0004289727477477521,0.0004289727477477521,0.0027451855855855915
815,0.0,0.048113682882882904,0.0004289727477477521,0.0004289727477477521,0.0027451855855855915
820,0.0,0.048113682882882904,0.0004289727477477521,0.0004289727477477521,0.0027451855855855915
825,0.0,0.048113682882882904,0.0004289727477477521,0.0004289727477477521,0.0027451855855855915
830,0.0,0.048113682882882904,0.0006128108108108191,0.0006128108108108191,0.0027451855855855915
835,0.0,0.048113682882882904,0.0006128108108108191,0.0006128108108108191,0.0027451855855855915
840,0.0,0.048113682882882904,0.0006128108108108191,0.0006128108108108191,0.0027451855855855915
845,0.0,0.048113682882882904,0.0006128108108108191,0.0006128108108108191,0.0027451855855855915
850,0.0,0.048113682882882904,0.0006128108108108191,0.0006128108108108191,0.0027451855855855915
855,0.0,0.048113682882882904,0.0006128108108108191,0.0006128108108108191,0.0027451855855855915
860,0.0,0.048113682882882904,0.0006128108108108191,0.0006128108108108191,0.00785322270270271
865,0.0,0.048113682882882904,0.0006128108108108191,0.0006128108108108191,0.00785322270270271
870,0.0,0.048113682882882904,0.0006128108108108191,0.0006128108108108191,0.00785322270270271
875,0.0,0.048113682882882904,0.0006128108108108191,0.0006128108108108191,0.00785322270270271
880,0.0,0.04890909463963966,0.0007816735135135178,0.0007816735135135178,0.00785322270270271
885,0.0,0.04890909463963966,0.0007816735135135178,0.0007816735135135178,0.00785322270270271
890,0.0,0.04890909463963966,0.0007816735135135178,0.0007816735135135178,0.00785322270270271
895,0.0,0.048923078963963994,0.0007816735135135178,0.0007816735135135178,0.00785322270270271
900,0.0,0.048923078963963994,0.0007816735135135178,0.0007816735135135178,0.00785322270270271
905,0.0,0.048923078963963994,0.0007816735135135178,0.0007816735135135178,0.024013658558558564
910,0.0,0.048923078963963994,0.0007816735135135178,0.0007816735135135178,0.024013658558558564
915,0.0,0.048923078963963994,0.0013829052252252313,0.0013829052252252313,0.024013658558558564
920,0.0,0.048923078963963994,0.0015464188288288334,0.0015464188288288334,0.024013658558558564
925,0.0,0.048923078963963994,0.0015464188288288334,0.0015464188288288334,0.024013658558558564
930,0.0,0.048923078963963994,0.0015464188288288334,0.0015464188288288334,0.024013658558558564
935,0.0,0.048923078963963994,0.0015464188288288334,0.0015464188288288334,0.024013658558558564
940,0.0,0.048923078963963994,0.0015464188288288334,0.0015464188288288334,0.024013658558558564
945,0.0,0.049908379954954986,0.0015464188288288334,0.0015464188288288334,0.024013658558558564
950,0.0,0.05085159157657663,0.0015464188288288334,0.0015464188288288334,0.024013658558558564
955,0.0,0.05085159157657663,0.0015782637387387417,0.0015464188288288334,0.024013658558558564
960,0.0,0.05085159157657663,0.0015782637387387417,0.0015464188288288334,0.024013658558558564
965,0.0,0.05085159157657663,0.0015782637387387417,0.0015464188288288334,0.024013658558558564
970,0.0,0.05085159157657663,0.0016082580180180222,0.0015602653603603658,0.024013658558558564
975,0.0,0.05182520018018024,0.001616922882882889,0.001585015720720729,0.024013658558558564
980,0.0,0.053415934594594656,0.001616922882882889,0.001585015720720729,0.024013658558558564
985,0.0,0.053415934594594656,0.0016419638738738786,0.001585015720720729,0.024013658558558564
990,0.0,0.05447321959459466,0.0016419638738738786,0.001585015720720729,0.025443319369369378
995,0.0,0.05447321959459466,0.001715042927927934,0.0017332071171171231,0.025443319369369378
1000,0.0,0.054602410720720786,0.0017688871621621676,0.0017332071171171231,0.025443319369369378
1005,0.0,0.054602410720720786,0.0018687398198198235,0.0017704658108108156,0.025443319369369378
1010,0.0,0.05666126459459466,0.0018687398198198235,0.0017704658108108156,0.025443319369369378
1015,0.0,0.05666126459459466,0.0020187066216216295,0.0017704658108108156,0.025443319369369378
1020,0.0,0.05829218846846853,0.0020187066216216295,0.0017704658108108156,0.025443319369369378
1025,0.0,0.05829218846846853,0.002102986486486489,0.0018547456756756748,0.025443319369369378
1030,0.0,0.05829218846846853,0.002220510000000002,0.0019722691891891886,0.025443319369369378
1035,0.0,0.05829218846846853,0.002400771981981987,0.0021213222522522535,0.025443319369369378
1040,0.0,0.05829218846846853,0.002400771981981987,0.0021213222522522535,0.025443319369369378
1045,0.0,0.05829218846846853,0.002400771981981987,0.0021213222522522535,0.025443319369369378
1050,0.0,0.05829218846846853,0.002400771981981987,0.0021704681531531556,0.025443319369369378
1055,0.0,0.05829218846846853,0.002442275360360367,0.0022512254504504533,0.025443319369369378
1060,0.0,0.05829218846846853,0.0024614986486486555,0.0022601279279279318,0.025443319369369378
1065,0.0,0.05829218846846853,0.002474139369369376,0.0022601279279279318,0.025443319369369378
1070,0.0,0.05829218846846853,0.002474139369369376,0.0022887972972973005,0.025443319369369378
1075,0.0,0.05829218846846853,0.002487204774774781,0.0024340815315315335,0.025443319369369378
1080,0.0,0.05829218846846853,0.002487204774774781,0.0024769897747747758,0.025443319369369378
1085,0.0,0.05829218846846853,0.002813948693693702,0.002954485810810816,0.025443319369369378
1090,0.0,0.05829218846846853,0.002813948693693702,0.002954485810810816,0.025443319369369378
1095,0.0,0.05829218846846853,0.002813948693693702,0.0030879450000000056,0.025443319369369378
1100,0.0,0.05829218846846853,0.002813948693693702,0.0030879450000000056,0.025443319369369378
1105,0.0,0.07448165779279285,0.0028425209909909988,0.0030879450000000056,0.025443319369369378
1110,0.0,0.07448165779279285,0.0028425209909909988,0.00309745112612613,0.025443319369369378
1115,0.0,0.07448165779279285,0.0028867041441441523,0.00309745112612613,0.025443319369369378
1120,0.0,0.07897659743243247,0.002925906711711721,0.00309745112612613,0.025443319369369378
1125,0.0,0.07897659743243247,0.002925906711711721,0.00309745112612613,0.025443319369369378
1130,0.0,0.07897659743243247,0.002925906711711721,0.003141523423423427,0.025443319369369378
1135,0.0,0.07897659743243247,0.0029505677477477585,0.003141523423423427,0.031964750450450455
1140,0.0,0.07897659743243247,0.002990421171171185,0.003141523423423427,0.03315547144144145
1145,0.0,0.07897659743243247,0.002990421171171185,0.003141523423423427,0.03315547144144145
1150,0.0,0.07897659743243247,0.002990421171171185,0.003141523423423427,0.03315547144144145
1155,0.0,0.07897659743243247,0.0030894818918919017,0.0033428406756756796,0.03315547144144145
1160,0.0,0.07897659743243247,0.0031013640540540643,0.0033428406756756796,0.037023432117117124
1165,0.0,0.07897659743243247,0.0032433868468468596,0.003401661036036039,0.037023432117117124
1170,0.0,0.07897659743243247,0.0033141741441441567,0.003464419504504507,0.037023432117117124
1175,0.0,0.07897659743243247,0.0033141741441441567,0.003464419504504507,0.03749287153153154
1180,0.0,0.07897659743243247,0.003634317387387402,0.0038047695045045093,0.03749287153153154
1185,0.0,0.07897659743243247,0.003634317387387402,0.0038529804504504554,0.03872015193693694
1190,0.0,0.07897659743243247,0.004315887837837852,0.003877703648648653,0.03872015193693694
1195,0.0,0.07944894477477482,0.0043245765315315455,0.003892472657657666,0.03953828166666667
1200,0.0,0.08188944256756758,0.0043245765315315455,0.004270598018018027,0.03953828166666667
1205,0.0,0.08188944256756758,0.004359915090090104,0.004270598018018027,0.03953828166666667
1210,0.0,0.08188944256756758,0.004359915090090104,0.004327161621621631,0.03953828166666667
1215,0.0,0.08188944256756758,0.004359915090090104,0.004327161621621631,0.03953828166666667
1220,0.0,0.08188944256756758,0.0045155583333333455,0.00437380608108109,0.03953828166666667
1225,0.0,0.08188944256756758,0.0045155583333333455,0.00437380608108109,0.03953828166666667
1230,0.0,0.08188944256756758,0.0045952279279279406,0.00437380608108109,0.03953828166666667
1235,0.0,0.08188944256756758,0.0045952279279279406,0.0043861018468468555,0.04110911184684685
1240,0.0,0.08188944256756758,0.0045952279279279406,0.0043861018468468555,0.04110911184684685
1245,0.0,0.08188944256756758,0.004702483468468483,0.004549808783783789,0.04110911184684685
1250,0.0,0.08188944256756758,0.004878331576576592,0.004704941936936944,0.04234163054054055
1255,0.0,0.08188944256756758,0.004901601036036052,0.004902554459459467,0.042451962567567586
1260,0.0,0.08246415990990992,0.004922176576576592,0.0051835627027027095,0.043304834144144155
1265,0.0,0.08246415990990992,0.0051886309009009125,0.005245275855855863,0.043304834144144155
1270,0.0,0.08246415990990992,0.0051886309009009125,0.005460665270270278,0.04345663315315316
1275,0.0,0.08246415990990992,0.0051956293243243315,0.005460665270270278,0.04346011554054055
1280,0.0,0.08246415990990992,0.0054919143693693785,0.005462410810810819,0.04346011554054055
1285,0.0,0.08246415990990992,0.0054919143693693785,0.005462410810810819,0.04346011554054055
1290,0.0,0.08246415990990992,0.005707132702702711,0.005462410810810819,0.04346011554054055
1295,0.0,0.08246415990990992,0.005707132702702711,0.005628757432432441,0.04346011554054055
1300,0.0,0.08246415990990992,0.005709449369369377,0.005710580000000006,0.04346011554054055
1305,0.0,0.08246415990990992,0.0058085177927928,0.00571328360360361,0.04346011554054055
1310,0.0,0.08246415990990992,0.006026431081081093,0.0057491801801801854,0.04346011554054055
1315,0.0,0.08246415990990992,0.006044172522522536,0.0057491801801801854,0.04346011554054055
1320,0.0,0.08246415990990992,0.006115188288288301,0.005829429594594601,0.04346011554054055
1325,0.0,0.08246415990990992,0.0061410242342342485,0.005829429594594601,0.04346011554054055
1330,0.0,0.08246415990990992,0.006141628243243258,0.0059182585135135165,0.04346011554054055
1335,0.0,0.08246415990990992,0.006141628243243258,0.005921249774774776,0.04503368693693694
1340,0.0,0.08246415990990992,0.006148831171171184,0.006116108963963966,0.04503368693693694
1345,0.0,0.08246415990990992,0.006157878918918932,0.006116108963963966,0.04503368693693694
1350,0.0,0.08246415990990992,0.0063179587837838,0.006116108963963966,0.04503368693693694
1355,0.0,0.08246415990990992,0.0063179587837838,0.006516638513513517,0.04503368693693694
1360,0.0,0.08246415990990992,0.006323435135135151,0.0065471254954955,0.04750674810810814
1365,0.0,0.08246415990990992,0.006364635540540554,0.006619154099099105,0.04750674810810814
1370,0.0,0.08246415990990992,0.006364635540540554,0.006810714054054059,0.04750674810810814
1375,0.0,0.08246415990990992,0.006425924909909921,0.006861331711711716,0.04750674810810814
1380,0.0,0.08385960310810812,0.006551970765765777,0.0069028790990991054,0.04750674810810814
1385,0.0,0.08385960310810812,0.006558943693693705,0.0069028790990991054,0.04808286486486487
1390,0.0,0.08385960310810812,0.006670302657657671,0.0069028790990991054,0.05000407351351352
1395,0.0,0.08385960310810812,0.006738907927927941,0.0069028790990991054,0.05007041657657659
1400,0.0,0.08385960310810812,0.006738907927927941,0.00691058531531532,0.05007041657657659
1405,0.0,0.08385960310810812,0.006778036711711725,0.00691058531531532,0.05007041657657659
1410,0.0,0.08385960310810812,0.006828571171171183,0.006927708198198202,0.05007041657657659
1415,0.0,0.08385960310810812,0.006828571171171183,0.006927708198198202,0.05007041657657659
1420,0.0,0.08385960310810812,0.007036853873873885,0.006930247882882888,0.05007041657657659
1425,0.0,0.08420926054054055,0.007040124954954965,0.006930247882882888,0.05007041657657659
1430,0.0,0.08420926054054055,0.0070529098198198305,0.007016423873873881,0.05007041657657659
1435,0.0,0.08420926054054055,0.007053862657657668,0.007016423873873881,0.05007041657657659
1440,0.0,0.08420926054054055,0.007265296936936948,0.007016423873873881,0.052843983738738776
1445,0.0,0.08420926054054055,0.007267386981981993,0.007076325090090099,0.052843983738738776
1450,0.0,0.08420926054054055,0.007267386981981993,0.007140699594594609,0.05350453418918923
1455,0.0,0.08420926054054055,0.007589549684684695,0.007140699594594609,0.05350453418918923
1460,0.0,0.08420926054054055,0.007589549684684695,0.0072262558108108195,0.05350453418918923
1465,0.0,0.08420926054054055,0.007589549684684695,0.007234578288288298,0.05350453418918923
1470,0.0,0.08420926054054055,0.007769525090090104,0.007335261801801812,0.05350453418918923
1475,0.0,0.08420926054054055,0.007892848738738755,0.007335261801801812,0.05350453418918923
1480,0.0,0.08420926054054055,0.007907941531531548,0.00738491693693695,0.05350453418918923
1485,0.0,0.08420926054054055,0.007934692747747765,0.0073860538738738865,0.05350453418918923
1490,0.0,0.08420926054054055,0.007981264369369386,0.00740732180180181,0.05350453418918923
1495,0.0,0.08420926054054055,0.008015381036036053,0.00740732180180181,0.05350453418918923
1500,0.0,0.08420926054054055,0.008015381036036053,0.00740732180180181,0.05350453418918923
