eval_axis,EGBO,qLogNEHVI,qLogNParEGO,MESMO,NSGA2,MOEAD,SMSEMOA,RandomSearch
55,40.172740533327065,20.102644066675566,17.465584499955487,8.600632566667628,2.8780665853371237,80.08235519333296,2.7946087959983097,0.0014472883330502856
60,35.681116166641004,17.04668170000271,25.467731266709354,5.99791140000131,2.8780665853371237,17.971272426666594,2.7946087959983097,0.0014472883330502856
65,64.37729880000309,27.392610800025675,23.108661266664665,6.6477542666643785,2.8780665853371237,10.92288351333603,2.7946087959983097,0.0014472883330502856
70,53.80078290003197,20.405931600020267,24.614776566663448,6.1657084333346575,2.8780665853371237,15.313294853332627,2.7946087959983097,0.0014472883330502856
75,63.70083539995054,17.56159396665559,29.89313569998679,9.853127800000948,2.8780665853371237,21.914739819997823,2.7946087959983097,0.0014472883330502856
80,61.850637499980316,20.850285733351484,25.377750899991952,6.132495966665677,2.8780665853371237,13.365735106669794,2.7946087959983097,0.0014472883330502856
85,36.662780599979065,18.74927486667487,29.27999729992977,6.093122566666049,2.8780665853371237,13.389909773328691,2.7946087959983097,0.0014472883330502856
90,48.73224063334055,20.133079766683903,26.620602733339183,6.16130713333223,2.8780665853371237,13.353038133333031,2.7946087959983097,0.0014472883330502856
95,52.977313266640216,20.674674466679182,25.544377366662957,6.339197966666386,2.8780665853371237,20.614012800004275,2.7946087959983097,0.0014472883330502856
100,60.61376130002706,18.824754433357157,24.8756219666296,6.694099399997867,2.8780665853371237,2.4588649066645316,2.7946087959983097,0.0014472883330502856
105,60.98875709999508,24.322634133296862,27.864918433362618,7.3650624999979,5.002244679331002,8.042606059997828,4.232932559340259,0.0014472883330502856
110,47.99407159991097,17.184995566669386,22.7851834333657,8.679289433332693,5.002244679331002,12.872855019998193,4.232932559340259,0.0014472883330502856
115,80.04148050001822,24.339201999964036,26.297924366624404,7.180951066666542,5.002244679331002,14.176420906673108,4.232932559340259,0.0014472883330502856
120,45.91183856665157,17.909897566675983,25.476728566689417,9.862811133333707,5.002244679331002,17.88931573999046,4.232932559340259,0.0014472883330502856
125,63.954029133349344,22.115050066669937,29.01630266670448,10.254924766665985,5.002244679331002,9.868658933332577,4.232932559340259,0.0014472883330502856
130,54.503888533295445,16.897335033339914,25.583598666707985,7.720289666665849,5.002244679331002,11.098717873336376,4.232932559340259,0.0014472883330502856
135,82.41273516668782,9.80319900001632,24.327127166674472,8.69464526666737,5.002244679331002,15.280422873334222,4.232932559340259,0.0014472883330502856
140,58.754114766644,25.56612539999575,23.887902999995276,9.317861400000766,5.002244679331002,21.213628146662085,4.232932559340259,0.0014472883330502856
145,47.23449096665718,19.903936933299217,27.917631066714723,9.011491066666471,5.002244679331002,14.485322580000018,4.232932559340259,0.0014472883330502856
150,82.36293693333089,16.936344766659506,25.85532013338525,10.673369399999501,5.002244679331002,18.805410586668586,4.232932559340259,0.0014472883330502856
155,76.8901631666425,19.636429200007115,27.49392116663512,9.749791733333344,2.253207663998857,7.51989326666856,1.9926529726727533,0.0014472883330502856
160,97.70040596664573,22.288481666667696,22.773974999979448,6.958319133333134,2.253207663998857,9.645618220001536,1.9926529726727533,0.0014472883330502856
165,42.32552429990998,22.702074866664287,26.3166734999589,10.910211900001135,2.253207663998857,4.253403239998444,1.9926529726727533,0.0014472883330502856
170,55.79801726671091,13.161478700019261,27.443852700021427,8.736430266665593,2.253207663998857,4.507630213333566,1.9926529726727533,0.0014472883330502856
175,69.5203723333155,20.73281269999764,27.592686933348887,11.252034033332771,2.253207663998857,12.111197706664099,1.9926529726727533,0.0014472883330502856
180,87.79559170000721,24.72638266667491,27.720507699996233,7.404579266667497,2.253207663998857,7.123618160003875,1.9926529726727533,0.0014472883330502856
185,56.94749863333224,20.933973500020027,23.660611633288983,10.444185666665968,2.253207663998857,6.433615493336887,1.9926529726727533,0.0014472883330502856
190,87.44187419997373,17.903625833316863,28.71332616665556,6.583775266664816,2.253207663998857,3.8132301333321568,1.9926529726727533,0.0014472883330502856
195,89.057757566683,20.743922233309906,27.031791099968057,6.4669101666680335,2.253207663998857,11.502552026661581,1.9926529726727533,0.0014472883330502856
200,71.39222229997783,19.673793266682576,30.09466816667312,9.278140199999447,2.253207663998857,4.712937973335889,1.9926529726727533,0.0014472883330502856
205,63.77624789997935,25.372026333371952,26.03474506662072,14.101089266666046,3.2461377553319704,10.173487886665681,2.9334522366609144,0.0014472883330502856
210,79.21220193329889,22.59360530000413,25.013810700038448,12.327651700000084,3.2461377553319704,4.5387836933315455,2.9334522366609144,0.0014472883330502856
215,75.01823906666444,23.35395116665556,26.15363926665547,12.420417333335536,3.2461377553319704,8.831172666671046,2.9334522366609144,0.0014472883330502856
220,83.9387894666288,16.97035623334038,28.493424366693944,7.184481566665757,3.2461377553319704,15.381691759996466,2.9334522366609144,0.0014472883330502856
225,37.42909979998755,22.2611120333119,25.631654900071833,7.490801733333076,3.2461377553319704,8.01372539333679,2.9334522366609144,0.0014472883330502856
230,81.14826103334781,21.465804666649394,26.120170899977285,11.087098666666558,3.2461377553319704,4.3882209399981855,2.9334522366609144,0.0014472883330502856
235,50.02989863336552,24.993282133344717,25.269182400001835,7.673608500001137,3.2461377553319704,16.59449601333181,2.9334522366609144,0.0014472883330502856
240,82.4811499666345,20.001041266717948,27.04422570000558,7.787622900000618,3.2461377553319704,9.3711914333316,2.9334522366609144,0.0014472883330502856
245,67.38850580000629,16.868197233319126,26.10239376667111,7.649608500000492,3.2461377553319704,10.382493966670395,2.9334522366609144,0.0014472883330502856
250,57.257114633374535,16.392676699984197,28.97520773333963,8.087138266667656,3.2461377553319704,6.573288640001557,2.9334522366609144,0.0014472883330502856
255,51.65752426666828,22.3792169666461,24.548602633333456,14.195482066666955,3.5832767019956413,14.068014506664865,3.3927724520000613,0.0014472883330502856
260,62.82923343335278,21.821501566718023,25.228904066684965,10.205360500000097,3.5832767019956413,12.684484059998553,3.3927724520000613,0.0014472883330502856
265,56.28042756669068,25.09325660004591,29.545103933351736,9.711593166665503,3.5832767019956413,5.630195133337597,3.3927724520000613,0.0014472883330502856
270,66.66705193331775,21.52802736661397,23.047904066663857,9.283022866666215,3.5832767019956413,8.234080033334612,3.3927724520000613,0.0014472883330502856
275,80.04944149998482,23.46250006670986,26.639511733315885,11.23086813333551,3.5832767019956413,10.14751051999871,3.3927724520000613,0.0014472883330502856
280,76.57915530000658,16.116436566672444,26.017812833345186,16.3593450999997,3.5832767019956413,11.192025393332976,3.3927724520000613,0.0014472883330502856
285,88.60324063334458,19.985386300017126,25.28355416667182,15.230288533333805,3.5832767019956413,8.40554240666291,3.3927724520000613,0.0014472883330502856
290,90.49767290005305,23.042284599971026,29.074183899986867,12.460437566666466,3.5832767019956413,12.312124166672584,3.3927724520000613,0.0014472883330502856
295,88.16842633330573,19.849737166659907,26.91817143334386,10.157305399999435,3.5832767019956413,13.424244673331366,3.3927724520000613,0.0014472883330502856
300,84.4779148666421,18.558662833277292,26.8407927666946,10.726398666668198,3.5832767019956413,13.999128279999423,3.3927724520000613,0.0014472883330502856
305,90.14993246664137,19.489839566658095,29.986174466709297,10.033296833335044,2.7201020186631184,17.133873773327892,2.3562585946692463,0.0014472883330502856
310,100.88188749998032,15.788651500013657,23.44406940000287,9.382623933334495,2.7201020186631184,6.863653400004842,2.3562585946692463,0.0014472883330502856
315,90.32578703330364,17.68095516661803,27.337996099959128,9.168805533332488,2.7201020186631184,5.846964900000603,2.3562585946692463,0.0014472883330502856
320,76.8870941333007,19.094824566680472,28.27418063332637,8.93085899999763,2.7201020186631184,9.013917533328156,2.3562585946692463,0.0014472883330502856
325,70.55354646667062,21.93507706668849,25.890234633310076,8.684249166665419,2.7201020186631184,6.692759360001946,2.3562585946692463,0.0014472883330502856
330,96.30019663336377,17.721507400041446,29.76728156659131,9.229347966667774,2.7201020186631184,7.915616633333653,2.3562585946692463,0.0014472883330502856
335,67.33935523331941,22.655802299967036,24.404388399988722,10.203259766665118,2.7201020186631184,25.84989703999842,2.3562585946692463,0.0014472883330502856
340,109.53605650000584,24.00256503330699,30.50638286668497,11.382066599999234,2.7201020186631184,13.624474039999773,2.3562585946692463,0.0014472883330502856
345,72.80331683333497,22.029671299950376,28.454713833363105,12.819518000000244,2.7201020186631184,5.655980980000462,2.3562585946692463,0.0014472883330502856
350,83.62660239997786,15.705766299952908,26.82833236665465,9.405673500002498,2.7201020186631184,12.202185906664822,2.3562585946692463,0.0014472883330502856
355,70.21786193336204,25.019617333329126,27.05248220001037,10.815746566667562,1.2512937566626334,11.894229266668845,1.048658368661223,0.0014472883330502856
360,75.70485910001055,20.453722166654188,29.249068933306262,15.168886266668778,1.2512937566626334,5.347464946666634,1.048658368661223,0.0014472883330502856
365,54.79014366659491,20.250949466678623,26.7836553666275,10.05139383333335,1.2512937566626334,8.317482706666729,1.048658368661223,0.0014472883330502856
370,71.19134973338805,19.762349766659707,27.36963946663309,12.015290033333562,1.2512937566626334,14.393760313331343,1.048658368661223,0.0014472883330502856
375,72.784640866681,21.278059599979315,29.89137019996997,10.20190673333309,1.2512937566626334,6.406063553333904,1.048658368661223,0.0014472883330502856
380,88.09461936665078,18.72314966667909,27.009833066685434,18.313481366666263,1.2512937566626334,11.199972246666343,1.048658368661223,0.0014472883330502856
385,107.9520399333366,22.528319333311327,30.495772066681337,14.522950766665113,1.2512937566626334,5.372476966668425,1.048658368661223,0.0014472883330502856
390,87.95601970000037,18.78638009998637,31.478754466671187,11.603577033333446,1.2512937566626334,9.077565233330338,1.048658368661223,0.0014472883330502856
395,60.83901770001588,22.794581066642422,29.089489999925718,12.256949333333372,1.2512937566626334,8.653186193333143,1.048658368661223,0.0014472883330502856
400,80.68924139998853,23.38996016664896,28.43441240004419,16.47785616666867,1.2512937566626334,10.126523486668399,1.048658368661223,0.0014472883330502856
405,71.05256096669473,24.02981556666782,27.867634733285133,13.701083966666678,1.2833989226728828,7.366090580004188,1.887308468002205,0.0014472883330502856
410,88.33834206666022,25.313456299966976,31.102152199988875,9.688659100000828,1.2833989226728828,13.54562500000029,1.887308468002205,0.0014472883330502856
415,85.1657284333293,17.769744866644032,28.57956753333565,16.15111689999988,1.2833989226728828,10.235724873338283,1.887308468002205,0.0014472883330502856
420,85.92451706668362,22.800345866688684,32.128287166667484,15.195639933332737,1.2833989226728828,5.94104931332695,1.887308468002205,0.0014472883330502856
425,69.88359059998766,20.666700333356857,29.65521796660808,11.99200246666563,1.2833989226728828,3.499483613332753,1.887308468002205,0.0014472883330502856
430,72.40565140002097,18.37640326668043,29.605868566664867,18.380563433333617,1.2833989226728828,4.538939146667448,1.887308468002205,0.0014472883330502856
435,88.04013146669604,17.77094896667404,30.182626199986164,20.097332833332377,1.2833989226728828,5.316148873331257,1.887308468002205,0.0014472883330502856
440,90.97670476662461,16.82614166660157,24.82102949998807,18.54581310000079,1.2833989226728828,10.700579440000487,1.887308468002205,0.0014472883330502856
445,100.24948180001229,28.192993966668535,30.991417633369565,14.073129366666763,1.2833989226728828,14.27146211999837,1.887308468002205,0.0014472883330502856
450,86.02137090001877,20.617168266694836,27.42444563334963,18.582011600000744,1.2833989226728828,10.855998326673094,1.887308468002205,0.0014472883330502856
455,101.07381353337162,29.101983066667646,27.49350126669742,13.510088366666727,1.2966328799965179,19.378120946663447,1.1570424220074604,0.0014472883330502856
460,87.91267803334631,28.499859466644313,33.666098733316176,15.050538866665496,1.2966328799965179,13.740180440004528,1.1570424220074604,0.0014472883330502856
465,90.00060000006731,18.295697199995633,33.57836883332735,15.592225366667966,1.2966328799965179,11.073577746661613,1.1570424220074604,0.0014472883330502856
470,76.61225943333314,27.56078246664644,29.50965116665854,13.189496066668047,1.2966328799965179,9.512102166669502,1.1570424220074604,0.0014472883330502856
475,94.98723179998342,22.188151866643846,26.65132123332781,10.44017443333299,1.2966328799965179,15.394740713331947,1.1570424220074604,0.0014472883330502856
480,93.3945772666096,22.93377346659933,33.615053499971204,14.828011766666046,1.2966328799965179,17.85718098666742,1.1570424220074604,0.0014472883330502856
485,61.920888566683665,16.458771066662546,28.458967866686482,18.896200133334787,1.2966328799965179,15.013690780001346,1.1570424220074604,0.0014472883330502856
490,85.94000356667675,22.578268333299395,26.993041166686453,16.059570599999763,1.2966328799965179,9.82645318666085,1.1570424220074604,0.0014472883330502856
495,82.10833140000857,27.129631199951593,25.150242166632477,12.90716236666655,1.2966328799965179,8.240871060001275,1.1570424220074604,0.0014472883330502856
500,54.27930150002552,27.155750633372616,33.891333400039,10.572934966667162,1.2966328799965179,5.511874100002267,1.1570424220074604,0.0014472883330502856
